{
    "CAOS: EL INICIO": {
        "Actores": [
            "Óscar Jaenada",
            "Kurt Sutter",
            "Mads Mikkelsen",
            "Demián Bichir",
            "Tom Holland",
            "Nick Jonas",
            "Ray McKinnon",
            "Cynthia Erivo",
            "David Oyelowo",
            "Daisy Ridley"
        ],
        "Cinema La Plata": {
            "Calificación": "Apta mayores de 13 años",
            "Duración": "109 minutos",
            "Origen": "EEUU",
            "Sinopsis": "En Prentisstown, Todd ha crecido creyendo que la \"Masilla\" fue la responsable de liberar un germen que asesinó a todas las mujeres y contagió con el \"ruido\" al resto de los hombres. Tras descubrir un remanso de silencio en un pantano, sus padres adoptivos le obligan a huir lo más rápido que pueda, dejando todo atrás salvo un mapa del Nuevo Mundo y un mensaje, así como un sinfín de preguntas sin responder. Pronto descubre la fuente del silencio: una chica llamada Viola. Los dos deben avisar lo antes posible sobre la inminente llegada de una nave para que el intendente Prentiss pueda preparar un ejército para la guerra."
        },
        "Cinepolis": {
            "Calificación": "P-13",
            "Duración": "110 minutos",
            "Origen": "Estados Unidos",
            "Sinopsis": "En un futuro no muy lejano, en un mundo donde las mujeres han desaparecido y los hombres han sido afectados por “el ruido” – una fuerza que exhibe todos sus pensamientos – Todd Hewitt (Tom Holland) se encuentra con Viola (Daisy Ridley), una joven misteriosa que ha aterrizado en su planeta. Con Viola bajo riesgo, Todd jura protegerla y ponerla fuera de peligro. Para salvarla Todd tendrá que controlar su “ruido”, descubrir su propia fuerza y desbloquear todos los obscuros secretos que guarda su planeta y su comunidad. Del director de Identidad Desconocida (The Bourne Identity) y Al Filo del Mañana (Edge of Tomorrow), basada en la novela bestseller, El Cuchillo en la Mano del escritor Patrick Ness. Tom Holland y Daisy Ridely protagonizan junto con David Oyelowo, Nick Jonas, Mads Mikkelsen y Demián Bichir. Caos: El Inicio (Chaos Walking) llegará a los cines en 2021."
        },
        "Director": "Doug Liman",
        "Distribuidora": "BF Paris",
        "Género": [
            "Aventura",
            "Thriller",
            "Acción",
            "Ciencia Ficción"
        ],
        "Horarios": {
            "CINEMA SAN MARTIN - SALA HD": [
                "CASTELLANO:      13:45 - 18:15",
                "SUBTITULADA:      22:45"
            ],
            "Cinépolis Merlo": {
                "CLASSIC • 2D • ESPAÑOL": [
                    "23:00"
                ]
            }
        },
        "Idioma": "Inglés subtitulada",
        "Título Original": "Chaos Walking",
        "Web Oficial": "No disponible"
    },
    "DEMON SLAYER MUGEN TRAIN": {
        "Actores": [
            "Natsuki Hanae",
            "Akari Kito",
            "Hiro Shimono",
            "Yoshitsugu Matsuoka",
            "Satoshi Hino",
            "Takahiro Sakurai",
            "Katsuyuki Konishi",
            "Saori Hayami",
            "Kenichi Suzumura",
            "Tomokazu Seki"
        ],
        "Calificación": "N/A",
        "Director": "Haruo Sotozaki",
        "Distribuidora": "Cinépolis",
        "Duración": "120 minutos",
        "Género": [
            "Animación",
            "Acción",
            "Aventura",
            "Fantasía",
            "Drama"
        ],
        "Horarios": {
            "Cinépolis Avellaneda": {
                "CLASSIC • 2D • SUBTITULADO": [
                    "20:00"
                ]
            },
            "Cinépolis Luján": {
                "CLASSIC • 2D • SUBTITULADO": [
                    "20:00"
                ]
            },
            "Cinépolis Mendoza": {
                "CLASSIC • 2D • SUBTITULADO": [
                    "20:00"
                ]
            },
            "Cinépolis Merlo": {
                "CLASSIC • 2D • SUBTITULADO": [
                    "20:00"
                ]
            },
            "Cinépolis Neuquén": {
                "CLASSIC • 2D • SUBTITULADO": [
                    "20:00"
                ]
            },
            "Cinépolis Pilar": {
                "CLASSIC • 2D • SUBTITULADO": [
                    "20:00"
                ]
            },
            "Cinépolis Recoleta": {
                "CLASSIC • 2D • SUBTITULADO": [
                    "20:00"
                ]
            },
            "Cinépolis Rosario": {
                "CLASSIC • 2D • SUBTITULADO": [
                    "20:00"
                ]
            }
        },
        "Origen": "Japón",
        "Sinopsis": "Demon Slayer: Mugen Train cuenta la historia de Tanjiro Kamado, Kyoujurou Rengoku y sus amigos de la Compañía de Cazadores de Demonios (Demon Slayer Corps). Juntos, se unen con uno de los mejores espadachines de la compañía, Kyojuro Rengoku, para investigar una misteriosa serie de desapariciones que han ocurrido dentro del “Tren Infinito”. Poco saben que Enmu, uno de los miembros de las Doce Lunas Demoníacas, también está a bordo y les ha preparado una trampa.",
        "Título Original": "Demon Slayer Mugen Train"
    },
    "EL SECRETO DEL BOSQUE": {
        "Actores": [
            "Vanessa Curry",
            "Sahil Shroff",
            "Subrat Dutta"
        ],
        "Calificación": "Apta mayores de 13 años",
        "Director": "Vikram Jayakumar",
        "Duración": "87 minutos",
        "Género": [
            "Terror"
        ],
        "Horarios": {
            "CINEMA SAN MARTIN - SALA HD": [
                "CASTELLANO:      20:45 - 23:10"
            ]
        },
        "Idioma": "Inglés subtitulada",
        "Origen": "EEUU",
        "Sinopsis": "Mientras disfrutan de una escapada romántica en la India salvaje, una pareja de Los Angeles accidentalmente es testigo del exorcismo de una niña de 11 años a la cual intentarán rescatar.",
        "Web Oficial": "No disponible"
    },
    "EL SILENCIO DEL CAZADOR": {
        "Actores": [
            "Pablo Echarri",
            "Alberto Ammann",
            "Mora Recalde",
            "César Bordón",
            "Mercedes Burgos"
        ],
        "Calificación": "P13R",
        "Director": "Martín Desalvo",
        "Distribuidora": "Cinetren",
        "Duración": "103 minutos",
        "Género": [
            "Drama",
            "Thriller"
        ],
        "Horarios": {
            "Cinépolis Recoleta": {
                "CLASSIC • 2D • ESPAÑOL": [
                    "22:20"
                ]
            }
        },
        "Origen": "Argentina",
        "Sinopsis": "Guzmán trabaja en un parque nacional con un grupo pequeño pero comprometido de guardas en alerta, ante la aparición de un animal salvaje que acecha desde la selva. Sara, esposa de Guzmán, es una médica dedicada a la comunidad local. Entre ellos se encuentra un amigo de la infancia de ambos y expareja de Sara. Los celos, las cuestiones no saldadas y las relaciones de poder enfrentarán a los tres hasta llegar a un desenlace sin tregua.",
        "Título Original": "El silencio del cazador"
    },
    "FATE STAY NIGHT HEAVEN’S FEEL: PARTE 3": {
        "Actores": [
            "Noriaki Sugiyama",
            "Noriko Shitaya",
            "Ayako Kawasumi",
            "Kana Ueda",
            "Mai Kadowaki",
            "Miki Itō",
            "Jouji Nakata",
            "Masane Tsukayama",
            "Yū Asakawa",
            "Tetsu Inada"
        ],
        "Calificación": "ATP",
        "Director": "Tomonori Sudô",
        "Duración": "123 minutos",
        "Género": [
            "Animación",
            "Romance",
            "Fantasía",
            "Acción",
            "Drama"
        ],
        "Origen": "Japón",
        "Sinopsis": "¡La historia de Fate Stay Night Heaven’s Feel llega a su fin!El capítulo final de la trilogía más ambiciosa y oscura de esta franquicia está aquí. Sakura Matou con los pecados que ha cometido se hunde en la oscuridad, Shirou Emiya ha jurado protegerla y detener la Guerra por el Santo Grial, una guerra dónde poderosos Magos y Espíritus Heroicos trabajan juntos para derrotar a los demás, el vencedor obtendrá el Santo Grial, un contenedor que puede hacer realidad cualquier deseo… Pero esta guerra ha corrompido al Grial. ¿Podrá Shirou salvar a Sakura? ¿Cuál será el precio de esto?",
        "Título Original": "Gekijouban Fate/Stay Night: Heaven's Feel - III. Spring Song"
    },
    "GODZILLA VS. KONG": {
        "Actores": [
            "Alexander Skarsgård",
            "Brian Tyree Henry",
            "Shun Oguri",
            "Demián Bichir",
            "Eiza González",
            "Rebecca Hall",
            "Kyle Chandler",
            "Millie Bobby Brown",
            "Demian Bichir",
            "Jessica Henwick",
            "Julian Dennison"
        ],
        "Cinema La Plata": {
            "Calificación": "Apta mayores de 13 años",
            "Duración": "117 minutos",
            "Origen": "EEUU",
            "Sinopsis": "Godzilla y Kong, dos de las fuerzas más poderosas de un planeta habitado por todo tipo de aterradoras criaturas, se enfrentan en un espectacular combate que sacude los cimientos de la humanidad. Monarch se embarca en una misión de alto riesgo y pone rumbo hacia territorios inexplorados para descubrir los orígenes de estos dos titanes, en un último esfuerzo por tratar de salvar a dos bestias que parecen tener las horas contadas sobre la faz de la Tierra."
        },
        "Cinepolis": {
            "Calificación": "P-13",
            "Duración": "113 minutos",
            "Origen": "Estados Unidos",
            "Sinopsis": "Godzilla y Kong, dos de las fuerzas más poderosas de un planeta habitado por todo tipo de aterradoras criaturas, se enfrentan en un espectacular combate que sacude los cimientos de la humanidad. Monarch (Kyle Chandler) se embarca en una misión de alto riesgo y pone rumbo hacia territorios inexplorados para descubrir los orígenes de estos dos titanes, en un último esfuerzo por tratar de salvar a dos bestias que parecen tener las horas contadas sobre la faz de la Tierra."
        },
        "Director": "Adam Wingard",
        "Distribuidora": "Warner Bros.",
        "Género": [
            "Aventura",
            "Thriller",
            "Acción",
            "Ciencia Ficción"
        ],
        "Horarios": {
            "CINEMA CITY - SALA 4D": [
                "CASTELLANO:      13:00 - 15:30 - 18:05 - 20:40",
                "SUBTITULADA:      23:10"
            ],
            "CINEMA OCHO - SALA HD": [
                "CASTELLANO:      16:45 - 19:45",
                "SUBTITULADA:      13:45 - 22:45"
            ],
            "CINEMA PARADISO - SALA HD": [
                "CASTELLANO:      13:00 - 15:30 - 18:00 - 20:30 - 23:00"
            ],
            "CINEMA ROCHA - SALA HD": [
                "CASTELLANO:      15:00 - 17:40 - 20:20",
                "SUBTITULADA:      23:00"
            ],
            "CINEMA SAN MARTIN - SALA HD": [
                "CASTELLANO:      14:00 - 17:00 - 19:50 - 22:40"
            ],
            "Cinépolis Avellaneda": {
                "CLASSIC • 2D • ESPAÑOL": [
                    "23:00"
                ]
            },
            "Cinépolis Luján": {
                "CLASSIC • 2D • ESPAÑOL": [
                    "23:00"
                ]
            },
            "Cinépolis Maipú": {
                "CLASSIC • 2D • ESPAÑOL": [
                    "23:00"
                ]
            },
            "Cinépolis Mendoza": {
                "CLASSIC • 2D • ESPAÑOL": [
                    "23:00"
                ],
                "CLASSIC • 2D • SUBTITULADO": [
                    "22:40"
                ]
            },
            "Cinépolis Neuquén": {
                "MS • 2D • ESPAÑOL": [
                    "22:45"
                ]
            },
            "Cinépolis Rosario": {
                "CLASSIC • 2D • ESPAÑOL": [
                    "22:40",
                    "23:15"
                ],
                "CLASSIC • 2D • SUBTITULADO": [
                    "23:00"
                ]
            }
        },
        "Idioma": "Inglés subtitulada",
        "Título Original": "Godzilla vs. Kong",
        "Web Oficial": "No disponible"
    },
    "HABITACION 212": {
        "Actores": [
            "Chiara Mastroianni",
            "Vincent Lacoste",
            "Camille Cottin",
            "Benjamin Biolay",
            "Marie-Christine Adam",
            "Carole Bouquet"
        ],
        "Calificación": "Apta mayores de 13 años",
        "Director": "Christophe Honoré",
        "Duración": "87 minutos",
        "Género": [
            "Comedia dramática"
        ],
        "Horarios": {
            "CINEMA PARADISO - SALA HD": [
                "SUBTITULADA:      14:00 - 18:00 - 20:00 - 22:00"
            ]
        },
        "Idioma": "Francés subtitulado",
        "Origen": "Francia",
        "Sinopsis": "Tras 20 años de matrimonio, Maria decide dejarlo todo atrás y empezar una nueva vida. El primer paso es hospedarse en la habitación 212 de un hotel próximo a la casa en la que vivía junto a su familia. Con el paso del tiempo, comienza a preguntarse si ha tomado la decisión correcta.",
        "Web Oficial": "No disponible"
    },
    "HABITACIÓN 212": {
        "Actores": [
            "Chiara Mastroianni",
            "Vincent Lacoste",
            "Camille Cottin",
            "Benjamin Biolay",
            "Carole Bouquet",
            "Marie-Christine Adam",
            "Harrison Arevalo",
            "Stéphane Roger"
        ],
        "Calificación": "P-13",
        "Director": "Christophe Honoré",
        "Distribuidora": "Mirada Distribution SRL",
        "Duración": "86 minutos",
        "Género": [
            "Comedia"
        ],
        "Horarios": {
            "Cinépolis Recoleta": {
                "CLASSIC • 2D • SUBTITULADO": [
                    "19:50"
                ]
            }
        },
        "Origen": "Francia",
        "Sinopsis": "Tras 20 años de matrimonio, Maria decide dejar todo atrás y empezar una nueva vida. El primer paso es hospedarse en la habitación 212 de un hotel frente a la casa en la que vivía junto a su pareja. Pero, con el paso del tiempo, comenzará a preguntarse si tomó la decisión correcta…",
        "Título Original": "On a magical night"
    },
    "HERMOSA VENGANZA": {
        "Actores": [
            "Laverne Cox",
            "Clancy Brown",
            "Sam Richardson",
            "Carey Mulligan",
            "Bo Burnham",
            "Connie Britton",
            "Max Greenfield",
            "Molly Shannon",
            "Jennifer Coolidge",
            "Adam Brody",
            "Christopher Mintz-Plasse",
            "Alison Brie"
        ],
        "Cinema La Plata": {
            "Calificación": "Apta mayores de 16 años",
            "Duración": "117 minutos",
            "Origen": "EEUU",
            "Sinopsis": "Una joven mujer traumatizada por un evento trágico ocurrido en su pasado, busca venganza contra los hombres que se cruzaron por su camino."
        },
        "Cinepolis": {
            "Calificación": "ATP",
            "Duración": "113 minutos",
            "Origen": "Estados Unidos",
            "Sinopsis": "De la innovadora directora Emerald Fennell (Killing Eve) llega una deliciosa nueva visión sobre la venganza. Todos dicen que Cassie (Carey Mulligan) era una prometedora mujer joven...hasta que un misterioso suceso abruptamente descarrilló su futuro. Pero nada en la vida de Cassie es lo que aparenta ser: ella es pícaramente inteligente, atormentadoramente astuta y vive una secreta doble vida por la noche. Ahora, un encuentro inesperado está a punto de darle a Cassie la posibilidad de reparar los errores del pasado en esta fascinante y totalmente divertida historia."
        },
        "Director": "Emerald Fennell",
        "Distribuidora": "UIP",
        "Género": [
            "Drama",
            "Crimen",
            "Thriller"
        ],
        "Horarios": {
            "CINEMA CITY - SALA HD": [
                "SUBTITULADA:      13:15 - 15:40 - 18:10 - 20:30 - 23:00"
            ],
            "Cinépolis Rosario": {
                "CLASSIC • 2D • SUBTITULADO": [
                    "22:45"
                ]
            }
        },
        "Idioma": "Inglés subtitulada",
        "Título Original": "Promising young woman",
        "Web Oficial": "No disponible"
    },
    "LA FABRICA DE SUEÑOS": {
        "Actores": [
            "Dennis Mojen",
            "Emilia Schüle",
            "Heiner Lauterbach",
            "Ken Duken",
            "Nikolai Kinski",
            "Michael Gwisdek",
            "Wilfried Hochholdinger"
        ],
        "Calificación": "Apta todo público",
        "Director": "Martin Schreier",
        "Duración": "127 minutos",
        "Género": [
            "Drama romantico"
        ],
        "Horarios": {
            "CINEMA PARADISO - SALA HD": [
                "SUBTITULADA:      19:45"
            ]
        },
        "Idioma": "Aleman subtitulada",
        "Origen": "Alemania",
        "Sinopsis": "Durante el verano de 1961, Emil comienza a trabajar como extra en los famosos estudios de cine Babelsberg. Durante el rodaje de una superproducción, se enamora de la bailarina francesa llamada Milou. Cuando por fin conquista a Milou, el rodaje se cancela repentinamente y son obligados a separarse ya que El Muro de Berlín es levantado en agosto de ese año. Años más tarde, Emil trazará un atrevido y arriesgado plan para lograr que el rodaje continúe y reencontrarse con Milou.",
        "Web Oficial": "No disponible"
    },
    "LA NOCHE MAGICA": {
        "Actores": [
            "Diego Peretti",
            "Natalia Oreiro",
            "Esteban Bigliardi",
            "Pablo Rago"
        ],
        "Calificación": "Apta mayores de 16 años",
        "Director": "Gastón Portal",
        "Duración": "98 minutos",
        "Género": [
            "Comedia"
        ],
        "Horarios": {
            "CINEMA PARADISO - SALA HD": [
                "CASTELLANO:      20:45 - 23:10"
            ]
        },
        "Idioma": "Castellano",
        "Origen": "Argentina",
        "Sinopsis": "Es 24 de diciembre, víspera de Navidad. En una casa tranquila en San Isidro donde vive un matrimonio con su pequeña hija, un ladrón  espera su momento para entrar a robar. Para su sorpresa, se encontrará primero con el amante de la señora de la casa al cual obligará a participar en el robo.\r\nLo que no sabe, es que la pequeña de la casa al verlo lo confundirá con Papá Noel y le pedirá cumplir su lista de deseos navideños",
        "Web Oficial": "No disponible"
    },
    "LA NOCHE MÁGICA": {
        "Actores": [
            "Natalia Oreiro",
            "Diego Peretti",
            "Pablo Rago",
            "Esteban Bigliardi",
            "Hernán Jiménez",
            "Laura López Moyano",
            "Isabela Palópoli"
        ],
        "Calificación": "P-16",
        "Director": "Gastón Portal",
        "Distribuidora": "Buena Vista International",
        "Duración": "98 minutos",
        "Género": [
            "Thriller"
        ],
        "Horarios": {
            "Cinépolis Neuquén": {
                "CLASSIC • 2D • ESPAÑOL": [
                    "17:40"
                ]
            },
            "Cinépolis Recoleta": {
                "CLASSIC • 2D • ESPAÑOL": [
                    "17:40"
                ]
            }
        },
        "Origen": "Argentina",
        "Sinopsis": "La Noche Mágica, la película protagonizada por Natalia Oreiro y Diego Peretti, llega a los cines argentinos el 11 de marzo. El film, una innovadora comedia dramática con ritmo y suspenso de thriller, dirigida por Gastón Portal, cuenta también con las actuaciones de Pablo Rago y Esteban Bigliardi. Está producida por Aeroplano. La Noche Mágica transcurre durante Nochebuena en una casa en San Isidro. Kira (Natalia Oreiro) y su amante Cachete (Pablo Rago), se encuentran en el dormitorio cuando oyen llegar a Juan (Esteban Bigliardi), el marido de Kira. Pero cuando Cachete se esconde en el balcón, se encuentra con algo peor; NICOLA (Diego Peretti), un excéntrico ladrón que, como Papa Noel lleva una barba blanca y un gorro rojo, ha venido a robar el domicilio. Nicola procede a esposar a todos los presentes pero el atraco se complica cuando se encuentra con Alicia, la pequeña hija del matrimonio, quien apenas lo ve le extiende una lista de deseos… Una producción de Aeroplano, en coproducción con World Media (Uruguay), DirecTV, Diego Kolankowsky y Silvia Rodriguez; en asociación con Welavit, RBS, Film Suez, Ketama, TeDigoQue y Dk Entertainment.",
        "Título Original": "La noche magica"
    },
    "LOS INTRUSOS": {
        "Actores": [
            "Maisie Williams",
            "Rita Tushingham",
            "Sylvester McCoy",
            "Jake Curran",
            "Ian Kenny",
            "Andrew Ellis",
            "Stacha Hicks"
        ],
        "Calificación": "Apta mayores de 16 años",
        "Director": "Julius Berg",
        "Duración": "92 minutos",
        "Género": [
            "Terror"
        ],
        "Horarios": {
            "CINEMA SAN MARTIN - SALA HD": [
                "SUBTITULADA:      16:00 - 20:30"
            ]
        },
        "Idioma": "Inglés subtitulada",
        "Origen": "Reino Unido - Francia",
        "Sinopsis": "Inglaterra rural, principios de los noventa: los amigos de la infancia Nathan y Terry son inducidos por el sociópata local para robar a los Huggins, un médico anciano y su esposa. La novia de Nathan, Mary, está totalmente en contra del plan, pero al cabo de unas horas se encuentra en el caserón, al lado de la caja fuerte del sótano y de una panda de individuos, a cual más sospechoso.",
        "Web Oficial": "No disponible"
    },
    "LOS NUEVOS MUTANTES": {
        "Actores": [
            "Happy Anderson",
            "Thomas Kee",
            "Anya Taylor-Joy",
            "Alice Braga",
            "Maisie Williams",
            "Mickey Gilmore",
            "Rosario Dawson",
            "Jeffrey Corazzini",
            "Henry Zaga",
            "Blu Hunt",
            "Antonio Banderas",
            "Charlie Heaton"
        ],
        "Cinema La Plata": {
            "Calificación": "Apta mayores de 13 años",
            "Origen": "EEUU",
            "Sinopsis": "Encerrados contra su voluntad en una institución secreta, 5 jóvenes mutantes descubren sus poderosas habilidades. Están bajo el estudio y análisis de la Doctora Cecilia Reyes quién tiene como objetivo curarlos.\r\nWolfsbane, Cannonball, Magik, Mirage y Sunspot deberán enfrentar sus miedos, poderes y peligros que los rodean para intentar escapar a su pasado y salvarse a si mismos."
        },
        "Cinepolis": {
            "Calificación": "P-13",
            "Origen": "Estados Unidos",
            "Sinopsis": "La historia de los Nuevos Mutantes, un equipo de héroes mutantes formado por los primeros graduados de la escuela de Charles Xavier."
        },
        "Director": "Josh Boone",
        "Distribuidora": "20th Fox",
        "Duración": "98 minutos",
        "Género": [
            "Terror",
            "Ciencia Ficción",
            "Acción",
            "Comedia ",
            " Terror"
        ],
        "Horarios": {
            "CINEMA CITY - SALA HD": [
                "SUBTITULADA:      22:15"
            ],
            "CINEMA OCHO - SALA HD": [
                "CASTELLANO:      13:15 - 15:40 - 20:20 - 22:50",
                "SUBTITULADA:      18:05"
            ],
            "CINEMA ROCHA - SALA HD": [
                "CASTELLANO:      20:45 - 23:10"
            ],
            "CINEMA SAN MARTIN - SALA HD": [
                "CASTELLANO:      13:00 - 18:00 - 20:30",
                "SUBTITULADA:      15:30 - 23:00"
            ],
            "Cinépolis Avellaneda": {
                "CLASSIC • 2D • ESPAÑOL": [
                    "22:45"
                ]
            },
            "Cinépolis Maipú": {
                "CLASSIC • 2D • SUBTITULADO": [
                    "22:45"
                ]
            },
            "Cinépolis Mendoza": {
                "CLASSIC • 2D • ESPAÑOL": [
                    "22:45"
                ]
            },
            "Cinépolis Neuquén": {
                "CLASSIC • 2D • SUBTITULADO": [
                    "23:00"
                ]
            },
            "Cinépolis Recoleta": {
                "CLASSIC • 2D • SUBTITULADO": [
                    "22:40"
                ]
            },
            "Cinépolis Rosario": {
                "CLASSIC • 2D • ESPAÑOL": [
                    "22:40"
                ]
            }
        },
        "Idioma": "Inglés subtitulada",
        "Título Original": "New Mutants",
        "Web Oficial": "No disponible"
    },
    "MUJER MARAVILLA 1984": {
        "Actores": [
            "Gabriella Wilde",
            "Pedro Pascal",
            "Connie Nielsen",
            "Ravi Patel",
            "Robin Wright",
            "Chris Pine",
            "Oakley Bull",
            "Kristen Wiig",
            "Gal Gadot",
            "Natasha Rothwell"
        ],
        "Cinema La Plata": {
            "Calificación": "Apta mayores de 13 años",
            "Duración": "151 minutos",
            "Origen": "EEUU",
            "Sinopsis": "Ambientada en los años 80s. El mayor deseo de Diana Prince parece ser tener devuelta a Steve Trevor. Esto inexplicablemente parece haberse convertido en realidad, pero la enfrentará a dos nuevos villanos: Max Lord y Cheetah"
        },
        "Cinepolis": {
            "Calificación": "P-13",
            "Duración": "150 minutos",
            "Origen": "Estados Unidos",
            "Sinopsis": "En 1984, en plena Guerra Fría, Diana Prince, conocida como Wonder Woman, se enfrenta al empresario Maxwell Lord y a su antigua amiga Barbara Minerva / Cheetah, una villana que posee fuerza y agilidad sobrehumanas."
        },
        "Director": "Patty Jenkins",
        "Distribuidora": "Warner Bros.",
        "Género": [
            "Acción",
            "Ciencia Ficción"
        ],
        "Horarios": {
            "CINEMA ROCHA - SALA HD": [
                "CASTELLANO:      22:10"
            ],
            "Cinépolis Merlo": {
                "CLASSIC • 2D • ESPAÑOL": [
                    "22:40"
                ]
            },
            "Cinépolis Recoleta": {
                "CLASSIC • 2D • SUBTITULADO": [
                    "22:50"
                ]
            }
        },
        "Idioma": "Inglés subtitulada",
        "Título Original": "Wonder Woman 1984",
        "Web Oficial": "No disponible"
    },
    "RAYA Y EL ULTIMO DRAGON": {
        "Actores": [
            "Kelly Marie Tran",
            "Awkwafina",
            "Daniel Dae Kim"
        ],
        "Calificación": "Apta todo público C/L",
        "Director": "Don Hall, Carlos Lopez Estrada, Paul Briggs",
        "Duración": "114 minutos",
        "Género": [
            "Animación"
        ],
        "Horarios": {
            "CINEMA CITY - SALA HD": [
                "CASTELLANO:      13:10 - 15:25 - 17:45 - 20:00"
            ],
            "CINEMA OCHO - SALA HD": [
                "CASTELLANO:      13:00 - 15:20 - 17:50 - 20:15 - 22:30"
            ],
            "CINEMA PARADISO - SALA HD": [
                "CASTELLANO:      13:00 - 15:15 - 17:30"
            ],
            "CINEMA ROCHA - SALA HD": [
                "CASTELLANO:      13:45 - 16:45 - 19:45"
            ]
        },
        "Idioma": "Castellano",
        "Origen": "EEUU",
        "Sinopsis": "Ambientada en el sudeste asiático, la cinta sigue la historia de Raya, una niña de un gran espíritu aventurero que vive en un reino llamado Kumandra. Este lejano y recóndito territorio está habitado por una civilización milenaria. Cinco son los clanes que forman esta tierra conocida como la del dragón y Raya, con el objetivo de devolver el equilibrio a su tierra, será la encargada de encontrar al último de los dragones en la mayor aventura de su vida.",
        "Web Oficial": "No disponible"
    },
    "SCOOBY!": {
        "Actores": [
            "animación"
        ],
        "Calificación": "Apta todo público",
        "Director": "Tony Cervone",
        "Duración": "94 minutos",
        "Género": [
            "Acción, Aventuras"
        ],
        "Horarios": {
            "CINEMA PARADISO - SALA HD": [
                "CASTELLANO:      16:00"
            ]
        },
        "Idioma": "Castellano",
        "Origen": "EEUU",
        "Sinopsis": "Película animada sobre el dibujito Scooby-Doo que sigue a un perro Gran Danés y sus 4 amigos: Fred, Daphne, Vilma y Shaggy quienes juntos viajan por el mundo resolviendo misterios relacionados con fantasmas y otras fuerzas sobrenaturales.-\r\nScooby! revela cómo se conocieron los amigos de toda la vida Scooby y Shaggy, y cómo se unieron con los jóvenes detectives Fred, Velma y Daphne para formar Mystery Inc. Ahora, con cientos de casos resueltos y aventuras compartidas, Scooby y la pandilla se enfrentan al misterio más desafiante de todos los tiempos: una trama para liberar Cerberus, el perro fantasma, sobre el mundo. Mientras compiten para detener este \"perrocalipsis\" global, la pandilla descubre que Scooby tiene un legado secreto y un gran y épico destino que nadie imaginaba.",
        "Web Oficial": "No disponible"
    },
    "TENET": {
        "Actores": [
            "Michael Caine",
            "Martin Donovan",
            "Kenneth Branagh",
            "Himesh Patel",
            "John David Washington. Kenneth Branagh",
            "John David Washington",
            "Aaron Taylor-Johnson",
            "Dimple Kapadia",
            "Elizabeth Debicki",
            "Robert Pattinson",
            "Clémence Poésy",
            "Clemence Poésy"
        ],
        "Cinema La Plata": {
            "Calificación": "Apta mayores de 13 años",
            "Duración": "150 minutos",
            "Origen": "EEUU",
            "Sinopsis": "Armado con tan solo una palabra -Tenet- el protagonista de esta historia deberá pelear por la supervivencia del mundo entero en una misión que le lleva a viajar a través del oscuro mundo del espionaje internacional, y cuya experiencia se desdoblará más allá del tiempo lineal."
        },
        "Cinepolis": {
            "Calificación": "P-13",
            "Duración": "155 minutos",
            "Origen": "Reino Unido, Estados Unidos",
            "Sinopsis": "Armado solamente con una palabra, Tenet, el protagonista deberá luchar por la supervivencia del mundo entero y evitar la Tercera Guerra Mundial, en una historia de espionaje internacional. La misión se desplegará más allá del tiempo real. No son viajes en el tiempo, es inversión."
        },
        "Director": "Christopher Nolan",
        "Distribuidora": "Warner",
        "Género": [
            "Thriller",
            "Acción",
            "Ciencia Ficción"
        ],
        "Horarios": {
            "CINEMA PARADISO - SALA HD": [
                "SUBTITULADA:      22:45"
            ]
        },
        "Idioma": "Inglés subtitulada",
        "Título Original": "Tenet",
        "Web Oficial": "No disponible"
    },
    "TOM Y JERRY": {
        "Actores": [
            "Mel Blanc",
            "William Hanna",
            "Bobby Cannavale",
            "Nicky Jam",
            "T-Pain",
            "Michael Peña",
            "Lil Rel Howery",
            "June Foray",
            "Chloë Grace Moretz",
            "Frank Welker",
            "animación"
        ],
        "Cinema La Plata": {
            "Calificación": "Apta todo público",
            "Origen": "EEUU",
            "Sinopsis": "Película del clásico dibujo animado de Tom y Jerry que mezcla live-action con animación. \r\nJerry se muda al hotel más lujoso de Nueva York justo antes del \"casamiento del siglo\"; la coordinadora de la ceremonia, desesperada, no tiene más opción que contratar a Tom para eliminar a Jerry. Esto desata una batalla entre gato y ratón que amenaza con destruir la carrera de la coordinadora, la ceremonia e incluso quizás el hotel mismo.\r\nPero pronto surge un problema más grave: un empleado ambicioso y diabólico que conspira contra los tres."
        },
        "Cinepolis": {
            "Calificación": "ATP",
            "Origen": "Estados Unidos",
            "Sinopsis": "Tom el gato y Jerry el ratón son expulsados de su casa y se trasladan a un elegante hotel de Nueva York, donde una empleada descuidada llamada Kayla perderá su trabajo si no puede desalojar a Jerry antes de una boda de clase alta en el hotel. ¿Su solución? Contratar a Tom para deshacerse del molesto ratón."
        },
        "Director": "Tim Story",
        "Distribuidora": "Warner",
        "Duración": "101 minutos",
        "Género": [
            "Animación",
            "Comedia",
            "Acción",
            "Familia",
            "Aventura"
        ],
        "Horarios": {
            "CINEMA PARADISO - SALA HD": [
                "CASTELLANO:      13:20 - 15:40 - 18:00"
            ],
            "CINEMA ROCHA - SALA HD": [
                "CASTELLANO:      14:00 - 16:15 - 18:30"
            ],
            "CINEMA SAN MARTIN - SALA HD": [
                "CASTELLANO:      14:00 - 18:25"
            ],
            "Cinépolis Avellaneda": {
                "CLASSIC • 2D • ESPAÑOL": [
                    "15:45",
                    "16:45",
                    "17:45"
                ]
            },
            "Cinépolis Luján": {
                "CLASSIC • 2D • ESPAÑOL": [
                    "16:20"
                ]
            },
            "Cinépolis Maipú": {
                "CLASSIC • 2D • ESPAÑOL": [
                    "17:45"
                ],
                "GC • 2D • ESPAÑOL": [
                    "18:10",
                    "20:20"
                ]
            },
            "Cinépolis Mendoza": {
                "CLASSIC • 2D • ESPAÑOL": [
                    "16:40",
                    "17:20",
                    "19:00",
                    "19:50"
                ]
            },
            "Cinépolis Merlo": {
                "CLASSIC • 2D • ESPAÑOL": [
                    "16:40"
                ]
            },
            "Cinépolis Neuquén": {
                "CLASSIC • 2D • ESPAÑOL": [
                    "15:45",
                    "17:30"
                ]
            },
            "Cinépolis Pilar": {
                "CLASSIC • 2D • ESPAÑOL": [
                    "16:00",
                    "17:10",
                    "19:40"
                ]
            },
            "Cinépolis Recoleta": {
                "CLASSIC • 2D • ESPAÑOL": [
                    "16:10",
                    "18:50"
                ]
            },
            "Cinépolis Rosario": {
                "CLASSIC • 2D • ESPAÑOL": [
                    "17:00"
                ]
            }
        },
        "Idioma": "Inglés subtitulada",
        "Título Original": "Tom and Jerry",
        "Web Oficial": "No disponible"
    },
    "TROLLS 2: GIRA MUNDIAL": {
        "Actores": [
            "Justin Timberlake",
            "Anna Kendrick",
            "Sam Rockwell",
            "Chance the Rapper",
            "Anthony Ramos",
            "Karan Soni",
            "Flula Borg",
            "Jamie Dornan",
            "James Corden",
            "Kunal Nayyar"
        ],
        "Calificación": "N/A",
        "Director": "Walt Dohrn",
        "Distribuidora": "UIP",
        "Duración": "90 minutos",
        "Género": [
            "Animación",
            "Familia",
            "Comedia",
            "Fantasía",
            "Aventura",
            "Música"
        ],
        "Horarios": {
            "Cinépolis Avellaneda": {
                "CLASSIC • 2D • ESPAÑOL": [
                    "16:30"
                ]
            },
            "Cinépolis Luján": {
                "CLASSIC • 2D • ESPAÑOL": [
                    "16:10"
                ]
            },
            "Cinépolis Mendoza": {
                "CLASSIC • 2D • ESPAÑOL": [
                    "17:00",
                    "17:25"
                ]
            },
            "Cinépolis Merlo": {
                "CLASSIC • 2D • ESPAÑOL": [
                    "17:10"
                ]
            },
            "Cinépolis Neuquén": {
                "CLASSIC • 2D • ESPAÑOL": [
                    "15:00"
                ]
            },
            "Cinépolis Pilar": {
                "CLASSIC • 2D • ESPAÑOL": [
                    "16:10",
                    "17:20"
                ]
            },
            "Cinépolis Recoleta": {
                "CLASSIC • 2D • ESPAÑOL": [
                    "17:15"
                ]
            },
            "Cinépolis Rosario": {
                "CLASSIC • 2D • ESPAÑOL": [
                    "17:10"
                ]
            }
        },
        "Origen": "Estados Unidos",
        "Sinopsis": "En una aventura que les llevará más allá de todo lo que habían conocido, Poppy y Branch descubren que su tribu de Trolls es solo una de las seis que existen, que el resto están repartidas en seis reinos y consagradas a seis tipos distintos de música: funk, country, tecno, clásica, pop y rock. La reina Bárbara, miembro de la realeza del hard rock, y su padre, el Rey Metal, quieren acabar con el resto de géneros musicales e imponer el reinado del rock. Con el destino del mundo en juego, Poppy y Branch, junto con el resto de la pandilla — Grandullón, Chanelle, Satén, Cooper y Guy Diamante—, visitarán los demás reinos para unir a los Trolls contra los planes de Barb de eclipsarlos a todos.",
        "Título Original": "Trolls 2"
    },
    "TROLLS 2: WORLD TOUR": {
        "Actores": [
            "animación"
        ],
        "Calificación": "Apta todo público",
        "Director": "Walt Dohrn, David P. Smith",
        "Duración": "91 minutos",
        "Género": [
            "Animación"
        ],
        "Horarios": {
            "CINEMA SAN MARTIN - SALA HD": [
                "CASTELLANO:      16:10"
            ]
        },
        "Idioma": "Castellano",
        "Origen": "EEUU",
        "Sinopsis": "En una aventura que les llevará más allá de todo lo que habían conocido, Poppy y Branch descubren que su tribu de Trolls es solo una de las seis que existen, que el resto están repartidas en seis reinos y consagradas a seis tipos distintos de música: funk, country, tecno, clásica, pop y rock. La reina Bárbara, miembro de la realeza del hard rock, y su padre, el Rey Metal, quieren acabar con el resto de géneros musicales e imponer el reinado del rock. Con el destino del mundo en juego, Poppy y Branch, junto con el resto de la pandilla - Grandullón, Chanelle, Satén, Cooper y Guy Diamante-, visitarán los demás reinos para unir a los Trolls contra los planes de Barb de eclipsarlos a todos.",
        "Web Oficial": "No disponible"
    }
}
